Commodity,Average Value
Brent Oil,66.10291666666666
Gold,1788.6945833333332
Silver,22.882133333333332
